subject,group,channel,mse_norm,mse_phys
sub-001,A,Fp1,0.4835585653781891,5.456662397615487e-10
sub-001,A,Fp2,0.38749071955680847,4.146385052998703e-10
sub-001,A,P3,0.3024238049983978,2.9904044336828646e-10
sub-001,A,P4,0.3635377883911133,3.639859136964263e-10
sub-002,A,Fp1,0.5398229360580444,5.251989347326302e-10
sub-002,A,Fp2,0.4581127166748047,4.4254256690598327e-10
sub-002,A,P3,0.5562264919281006,5.481064836568551e-10
sub-002,A,P4,0.5846775770187378,5.695813277935141e-10
sub-003,A,Fp1,0.6902440786361694,6.035536824362581e-10
sub-003,A,Fp2,0.3413313925266266,3.06067597498864e-10
sub-003,A,P3,0.6575320959091187,5.400822200621076e-10
sub-003,A,P4,0.2759151756763458,2.30030114682135e-10
